<?xml version="1.0" encoding="UTF-8"?>
<project-private xmlns="http://www.netbeans.org/ns/project-private/1">
    <editor-bookmarks xmlns="http://www.netbeans.org/ns/editor-bookmarks/2" lastBookmarkId="0"/>
    <open-files xmlns="http://www.netbeans.org/ns/projectui-open-files/2">
        <group>
            <file>file:/C:/Users/HP/Documents/NetBeansProjects/SuperMarket_App/src/supermarket_app/BillOption.java</file>
            <file>file:/C:/Users/HP/Documents/NetBeansProjects/SuperMarket_App/src/supermarket_app/Dbdisp.java</file>
            <file>file:/C:/Users/HP/Documents/NetBeansProjects/SuperMarket_App/src/supermarket_app/SendMail.java</file>
            <file>file:/C:/Users/HP/Documents/NetBeansProjects/SuperMarket_App/src/supermarket_app/AddProducts.java</file>
            <file>file:/C:/Users/HP/Documents/NetBeansProjects/SuperMarket_App/src/supermarket_app/AdminPage.java</file>
            <file>file:/C:/Users/HP/Documents/NetBeansProjects/SuperMarket_App/src/supermarket_app/BillerLogin.java</file>
            <file>file:/C:/Users/HP/Documents/NetBeansProjects/SuperMarket_App/src/supermarket_app/HomePage.java</file>
            <file>file:/C:/Users/HP/Documents/NetBeansProjects/SuperMarket_App/src/supermarket_app/AddBillPerson.java</file>
            <file>file:/C:/Users/HP/Documents/NetBeansProjects/SuperMarket_App/src/supermarket_app/BillGenerator.java</file>
            <file>file:/C:/Users/HP/Documents/NetBeansProjects/SuperMarket_App/src/supermarket_app/Reports.java</file>
            <file>file:/C:/Users/HP/Documents/NetBeansProjects/SuperMarket_App/src/supermarket_app/BillingPage.java</file>
            <file>file:/C:/Users/HP/Documents/NetBeansProjects/SuperMarket_App/src/supermarket_app/MailCustomer.java</file>
        </group>
    </open-files>
</project-private>
